name,address,phoneNumber,id
Kevin Burke,376-1923 Sed Avenue,1-746-318-6539,1609091969699
Kennan Suarez,Ap #345-8224 Donec Avenue,1-705-407-7399,1680051963099
Abbot Morrow,Ap #996-3915 Dolor. St.,1-850-599-9854,1677070482299
Keane Hunt,P.O. Box 746, 3288 Mi Rd.,1-147-480-9114,1626051303199
Hop Erickson,Ap #592-1445 Arcu. Avenue,1-993-407-4481,1667082246999
Jermaine Mason,Ap #604-8768 Fermentum Street,1-302-651-6986,1620042583699
Aaron Hogan,8316 In, St.,1-269-841-8859,1623041286799
Paki Johns,P.O. Box 458, 6276 Risus. Street,1-972-922-4036,1616020886399
Garth Thompson,457-173 Massa Avenue,1-234-771-0196,1668052870899
Vincent Garrett,8265 Eu Street,1-261-588-5713,1666072411299
Ezra Cantu,Ap #978-7506 Luctus Avenue,1-530-342-6845,1652102498999
Preston Wilkins,480-2321 Nisl Rd.,1-224-152-7889,1651030317699
Linus Peterson,9169 Cras Avenue,1-670-621-4869,1679091800499
Avram Whitfield,1392 Imperdiet Rd.,1-876-254-4525,1617020455399
Daniel Hobbs,561-307 Metus. Road,1-618-941-0411,1610040628899
Rogan Mcknight,Ap #575-1051 Dui St.,1-325-106-5036,1624092276099
Clinton Rojas,P.O. Box 897, 3834 Sem Rd.,1-549-221-4218,1656022689299
Alexander Hoover,P.O. Box 188, 7848 Pellentesque Road,1-179-779-9496,1668020617799
Channing Lynch,P.O. Box 885, 8443 Ante St.,1-703-773-4576,1690031706999
Kenyon Burris,547-5976 Faucibus. St.,1-495-961-0039,1636063075599
Wylie Barnett,357-6505 Magnis Street,1-220-575-3986,1653011360999
Brian Mcbride,174-5937 Scelerisque Road,1-295-400-8704,1613113054499
Elton Cameron,Ap #426-9983 Quisque Av.,1-420-154-1145,1675110480599
Jarrod Duran,Ap #505-3100 Felis. Road,1-152-367-5488,1698050824699
Dieter Stark,3763 Vel, Ave,1-573-854-2577,1633090459899
Sylvester Mercado,P.O. Box 821, 4399 Ipsum. Rd.,1-597-557-8941,1688122945399
Kevin Oneill,Ap #656-3201 Non Av.,1-358-257-6443,1614012145099
Dale Hayden,6913 Leo. Rd.,1-953-760-0890,1683093024099
Omar Chavez,Ap #981-4275 Sed Rd.,1-259-151-0671,1605121719299
Chancellor Mcbride,423-8700 Sapien Street,1-458-662-2061,1650040520499
Price Wiley,460-2064 Ante. Av.,1-179-477-6156,1689042746099
Fitzgerald Wilkinson,P.O. Box 310, 1089 Vulputate Rd.,1-688-588-8343,1682121113399
Dominic Glass,P.O. Box 732, 1943 In St.,1-724-793-5849,1604022263999
Ahmed Hopper,991 Vestibulum, Avenue,1-378-576-6169,1655082041499
Hu Richmond,Ap #328-5740 Odio Avenue,1-113-227-0862,1699092470299
Yoshio Mckenzie,2862 Orci, Av.,1-445-491-6230,1605042555099
Clayton Oconnor,5814 Donec Road,1-462-783-7647,1651052136699
Logan Garcia,1307 Phasellus Avenue,1-609-659-2331,1699040963399
Brody Perry,896-264 Volutpat Rd.,1-114-277-6709,1614060846699
Abraham Morrison,P.O. Box 103, 2297 Mauris. Avenue,1-215-958-6539,1634051476999
Trevor Marshall,Ap #909-4427 Enim, Av.,1-600-361-7516,1616061577999
Fitzgerald Finley,P.O. Box 719, 1113 Mi. Avenue,1-337-303-6107,1639070179899
Kane Garza,446-8874 Ut Rd.,1-543-426-1401,1642122018599
Marshall Hoover,P.O. Box 220, 8151 Mattis Street,1-721-965-3462,1679062666199
Yoshio Frederick,801-7284 Etiam Avenue,1-231-928-6214,1606111471499
Kane Hansen,Ap #838-3338 Elit. Rd.,1-524-282-1715,1622042733999
Dolan Malone,9986 Duis Street,1-841-651-6077,1643081732299
Bert Weeks,P.O. Box 584, 769 Dictum Street,1-529-310-5797,1697091785299
Chase Reed,Ap #754-1665 Posuere Rd.,1-201-837-2495,1640122101299
Jelani Casey,Ap #455-5356 Lectus Road,1-648-675-1577,1699092883099